id,first_name,last_name,email,ip_address
1999,Maurene,Gawke,mgawkerq@techcrunch.com,42.77.66.130
2000,Doloritas,Petrillo,dpetrillorr@gmpg.org,200.181.28.14
2000,Eren,Durucan,subsacer@gmail.com,192.168.0.1
2001,Dickie,Tolwood,dtolwood0@howstuffworks.com,7.214.51.247
2002,Leanora,Callendar,lcallendar1@newsvine.com,87.139.161.223
2003,Henriette,Count,hcount2@g.co,52.85.121.18
2004,Roger,Noorwood,rnoorwood3@mlb.com,192.67.33.186
2005,Marissa,Jeenes,mjeenes4@surveymonkey.com,146.237.102.147
2006,Christian,Chaunce,cchaunce5@lycos.com,219.59.163.158
2007,Zared,Player,zplayer6@shinystat.com,186.113.196.193
2008,Austin,Bedminster,abedminster7@artisteer.com,135.182.56.154
2009,Belita,Barten,bbarten8@examiner.com,251.101.63.150
2010,Des,Eckersall,deckersall9@google.nl,27.32.11.120